{
    "accuracy": 0.9999964494184147,
    "precision": 0.9999964511945937,
    "recall": 0.9999964494184147,
    "f1_score": 0.999996449684668
}