accuracy,precision,recall,f1_score
0.9999964494184147,0.9999964511945937,0.9999964494184147,0.999996449684668
